ÆÄÀÏ¸í,A/B
bb_1_000102_vehicle_192_023,B
bb_1_070910_vehicle_39_001,A
bb_1_110819_vehicle_27_010,A
bb_1_130121_vehicle_108_089,B
bb_1_130501_vehicle_21_169,B
bb_1_130509_vehicle_244_21273,B
bb_1_130520_vehicle_239_31929,A
bb_1_130630_vehicle_191_115,B
bb_1_130903_vehicle_195_018,A
bb_1_130918_vehicle_108_047,B
bb_1_131205_vehicle_47_191,A
bb_1_140318_vehicle_141_053,B
bb_1_140904_vehicle_113_085,B
bb_1_140921_vehicle_39_111,B
bb_1_141031_vehicle_41_076,B
bb_1_141105_vehicle_29_166,B
bb_1_141129_vehicle_37_094,B
bb_1_150128_vehicle_129_224,B
bb_1_150204_vehicle_195_036,A
bb_1_150216_vehicle_239_23088,A
bb_1_150224_vehicle_21_256,B
bb_1_150316_vehicle_108_226,B
bb_1_150327_vehicle_35_133,A
bb_1_150522_vehicle_231_31018,A
bb_1_150527_vehicle_214_31519,A
bb_1_150623_vehicle_39_179,B
bb_1_150624_vehicle_21_126,A
bb_1_150708_vehicle_36_198,B
bb_1_150711_vehicle_113_179,A
bb_1_150712_vehicle_116_191,A
bb_1_150729_vehicle_36_200,A
bb_1_150817_vehicle_245_30050,B
bb_1_150831_vehicle_202_22652,B
bb_1_150907_vehicle_46_176,A
bb_1_151016_vehicle_257_30359,A
bb_1_151115_vehicle_108_204,B
bb_1_151207_vehicle_147_009,A
bb_1_151223_vehicle_125_092,B
bb_1_160121_vehicle_39_186,B
bb_1_160203_vehicle_19_123,B
bb_1_160323_vehicle_224_24307,A
bb_1_160328_vehicle_220_23106,B
bb_1_160501_vehicle_220_24883,B
bb_1_160504_vehicle_46_197,A
bb_1_160509_vehicle_243_25352,B
bb_1_160514_vehicle_237_21345,A
bb_1_160828_vehicle_245_23437,B
bb_1_160910_vehicle_31_104,B
bb_1_161002_vehicle_248_20609,A
bb_1_161007_vehicle_145_057,A
bb_1_161016_vehicle_123_130,B
bb_1_161111_vehicle_46_196,B
bb_1_161117_vehicle_225_20372,B
bb_1_161130_vehicle_119_100,A
bb_1_170110_vehicle_214_20737,A
bb_1_170205_vehicle_131_188,B
bb_1_170211_vehicle_112_193,B
bb_1_170315_vehicle_145_012,A
bb_1_170322_vehicle_30_230,A
bb_1_170406_vehicle_244_24210,B
bb_1_170407_vehicle_112_254,B
bb_1_170416_vehicle_219_31822,B
bb_1_170519_vehicle_245_32125,B
bb_1_170605_vehicle_235_32243,B
bb_1_170907_vehicle_238_53286,B
bb_1_170928_vehicle_245_24439,A
bb_1_171015_vehicle_230_23894,A
bb_1_171018_vehicle_209_20481,B
bb_1_171027_vehicle_256_31778,A
bb_1_171109_vehicle_118_116,B
bb_1_171118_vehicle_111_093,B
bb_1_171123_vehicle_185_071,B
bb_1_180228_vehicle_129_184,A
bb_1_180317_vehicle_240_25121,B
bb_1_180322_vehicle_216_31131,A
bb_1_180403_vehicle_191_082,B
bb_1_180424_vehicle_111_087,err
bb_1_180523_vehicle_120_251,A
bb_1_180530_vehicle_129_288,B
bb_1_180601_vehicle_233_32031,A
bb_1_180612_vehicle_217_31952,A
bb_1_180714_vehicle_201_30875,B
bb_1_180725_vehicle_46_207,A
bb_1_180926_vehicle_121_033,B
bb_1_180930_vehicle_197_062,B
bb_1_181002_vehicle_148_325,B
bb_1_181006_vehicle_240_20878,B
bb_1_181009_vehicle_255_53228,B
bb_1_181013_vehicle_246_22681,B
bb_1_181102_vehicle_142_045,B
bb_1_190206_vehicle_089_532501,B
bb_1_190222_vehicle_48_032,A
bb_1_190302_vehicle_192_086,B
bb_1_190308_vehicle_230_24254,A
bb_1_190327_vehicle_48_011,A
bb_1_190330_vehicle_143_015,B
bb_1_190417_vehicle_257_32529,B
bb_1_190511_vehicle_260_20668,A
bb_1_190519_vehicle_233_23845,B
bb_1_190520_vehicle_213_31301,err
bb_1_190603_vehicle_193_007,A
bb_1_190622_vehicle_38_078,B
bb_1_190809_vehicle_114_116,B
bb_1_190904_vehicle_38_059,B
bb_1_191004_vehicle_228_23112,B
bb_1_191028_vehicle_235_31489,B
bb_1_200117_vehicle_231_47336,B
bb_1_200131_vehicle_131_064,B
bb_1_200215_vehicle_311_052,B
bb_1_200310_vehicle_237_32392,B
bb_1_200331_vehicle_201_21089,A
bb_1_200416_vehicle_37_092,A
bb_1_200526_vehicle_219_25202,B
bb_1_200714_vehicle_231_24512,A
bb_1_200727_vehicle_241_30961,B
bb_1_200829_vehicle_125_006,A
bb_1_200903_vehicle_48_244,A
bb_1_200908_vehicle_250_25448,B
bb_1_201019_vehicle_203_31904,B
bb_1_201020_vehicle_249_32442,A
bb_1_201106_vehicle_220_32584,B
bb_1_201130_vehicle_13_024,B
bb_1_210128_vehicle_258_47101,B
bb_1_210204_vehicle_237_20172,B
bb_1_210226_vehicle_311_097,A
bb_1_210327_vehicle_242_32080,A
bb_1_210330_vehicle_221_20692,A
bb_1_210331_vehicle_312_069,B
bb_1_210524_vehicle_243_21122,A
bb_1_210608_vehicle_259_24477,B
bb_1_210619_vehicle_142_016,A
bb_1_210630_vehicle_314_201,B
bb_1_210901_vehicle_195_176,A
bb_1_210903_vehicle_089_018,A
bb_1_210923_vehicle_36_035,B
bb_1_211117_vehicle_205_30261,A
bb_1_211213_vehicle_38_165,A
bb_1_211218_vehicle_192_147,B
bb_1_220129_vehicle_256_47277,B
bb_1_220210_vehicle_251_21436,B
bb_1_220312_vehicle_226_47837,A
bb_1_220314_vehicle_142_036,B
bb_1_220328_vehicle_206_20506,B
bb_1_220331_vehicle_255_24993,A
bb_1_220423_vehicle_211_23628,A
bb_1_220501_vehicle_142_042,B
bb_1_220608_vehicle_256_24262,B
bb_1_220713_vehicle_126_144,B
bb_1_220804_vehicle_225_47401,A
bb_1_220831_vehicle_200_24283,B
bb_1_000110_vehicle_195_169,B
bb_1_120330_vehicle_247_31174,B
bb_1_120401_vehicle_30_333,A
bb_1_120716_vehicle_203_21746,A
bb_1_120916_vehicle_29_260,B
bb_1_121108_vehicle_19_159,B
bb_1_130125_vehicle_108_091,B
bb_1_130203_vehicle_19_169,B
bb_1_130518_vehicle_119_220,B
bb_1_130807_vehicle_191_116,B
bb_1_130818_vehicle_225_20120,B
bb_1_130915_vehicle_131_039,B
bb_1_131129_vehicle_141_257,B
bb_1_140423_vehicle_251_21701,A
bb_1_140828_vehicle_113_062,B
bb_1_141003_vehicle_48_281,B
bb_1_141011_vehicle_29_139,B
bb_1_141111_vehicle_29_171,B
bb_1_141213_vehicle_45_289,B
bb_1_141220_vehicle_185_083,B
bb_1_150124_vehicle_131_114,B
bb_1_150328_vehicle_204_21599,B
bb_1_150331_vehicle_244_30540,B
bb_1_150803_vehicle_112_259,B
bb_1_151111_vehicle_207_22264,A
bb_1_151123_vehicle_243_22191,B
bb_1_160110_vehicle_143_052,A
bb_1_160201_vehicle_27_099,A
bb_1_160203_vehicle_131_115,B
bb_1_160314_vehicle_213_21811,B
bb_1_160401_vehicle_36_203,A
bb_1_160405_vehicle_19_119,A
bb_1_160406_vehicle_200_028,B
bb_1_160419_vehicle_131_089,B
bb_1_160422_vehicle_146_089,B
bb_1_160505_vehicle_108_055,B
bb_1_160516_vehicle_29_194,B
bb_1_160606_vehicle_260_22401,B
bb_1_160703_vehicle_200_087,B
bb_1_160709_vehicle_221_54583,B
bb_1_160714_vehicle_204_32145,B
bb_1_160730_vehicle_236_22333,B
bb_1_160813_vehicle_114_175,A
bb_1_160829_vehicle_221_21814,B
bb_1_160830_vehicle_210_22472,B
bb_1_161003_vehicle_27_126,A
bb_1_161102_vehicle_40_202,B
bb_1_161203_vehicle_27_101,B
bb_1_161221_vehicle_195_175,B
bb_1_170219_vehicle_245_21081,A
bb_1_170402_vehicle_202_21969,B
bb_1_170519_vehicle_39_145,A
bb_1_170608_vehicle_118_114,B
bb_1_170611_vehicle_123_188,B
bb_1_170714_vehicle_230_21993,B
bb_1_170911_vehicle_255_22475,B
bb_1_170930_vehicle_193_008,B
bb_1_171030_vehicle_131_142,A
bb_1_180204_vehicle_147_138,B
bb_1_180221_vehicle_203_32888,B
bb_1_180324_vehicle_216_22280,B
bb_1_180412_vehicle_38_130,B
bb_1_180420_vehicle_149_117,A
bb_1_180531_vehicle_195_092,A
bb_1_180609_vehicle_256_21830,B
bb_1_180707_vehicle_207_22322,B
bb_1_180818_vehicle_234_21672,B
bb_1_180929_vehicle_119_188,B
bb_1_181008_vehicle_111_088,B
bb_1_181015_vehicle_196_039,B
bb_1_181027_vehicle_207_21516,B
bb_1_181108_vehicle_47_284,B
bb_1_181118_vehicle_234_22487,B
bb_1_190112_vehicle_123_092,B
bb_1_190123_vehicle_141_186,B
bb_1_190125_vehicle_221_30294,dup
bb_1_190219_vehicle_256_21787,B
bb_1_190427_vehicle_44_233,A
bb_1_191005_vehicle_210_22455,A
bb_1_200123_vehicle_127_133,A
bb_1_200131_vehicle_229_21703,A
bb_1_200217_vehicle_127_110,A
bb_1_200516_vehicle_236_21679,B
bb_1_200701_vehicle_208_22379,B
bb_1_200814_vehicle_44_189,A
bb_1_200930_vehicle_225_21417,B
bb_1_201024_vehicle_214_51669,A
bb_1_210225_vehicle_200_115,B
bb_1_210401_vehicle_312_090,A
bb_1_210406_vehicle_198_117,B
bb_1_210423_vehicle_144_046,A
bb_1_210508_vehicle_44_155,A
bb_1_210523_vehicle_251_21745,B
bb_1_210602_vehicle_120_065,A
bb_1_210604_vehicle_237_31371,A
bb_1_210711_vehicle_316_086,B
bb_1_210723_vehicle_119_098,B
bb_1_210728_vehicle_200_120,A
bb_1_210811_vehicle_131_053,A
bb_1_220105_vehicle_38_137,B
bb_1_220124_vehicle_44_133,A
bb_1_220308_vehicle_206_31387,A
bb_1_220326_vehicle_202_20955,B
bb_1_220409_vehicle_239_30701,B
bb_1_220418_vehicle_216_32804,B
bb_1_220422_vehicle_129_154,A
bb_1_220509_vehicle_149_210,B
bb_1_220723_vehicle_45_243,B
bb_1_220726_vehicle_196_105,B
bb_1_220729_vehicle_29_315,A
bb_1_220805_vehicle_246_22470,B
bb_1_220806_vehicle_202_21444,A
bb_1_220817_vehicle_213_21663,B
bb_1_090619_vehicle_142_138,B
bb_1_100222_vehicle_204_21756,B
bb_1_120105_vehicle_130_132,A
bb_1_120205_vehicle_238_22880,A
bb_1_120318_vehicle_120_240,B
bb_1_120414_vehicle_211_21890,B
bb_1_130801_vehicle_29_158,A
bb_1_131002_vehicle_260_20551,A
bb_1_131123_vehicle_206_25217,A
bb_1_131124_vehicle_233_24185,B
bb_1_140121_vehicle_229_22175,A
bb_1_140224_vehicle_246_22439,B
bb_1_140309_vehicle_108_156,B
bb_1_140416_vehicle_228_24819,B
bb_1_140615_vehicle_38_167,B
bb_1_140624_vehicle_108_240,B
bb_1_140709_vehicle_129_242,A
bb_1_140827_vehicle_208_22444,B
bb_1_141021_vehicle_228_23580,B
bb_1_141228_vehicle_185_088,B
bb_1_150112_vehicle_235_22423,B
bb_1_150209_vehicle_211_21382,A
bb_1_150219_vehicle_248_21688,A
bb_1_150320_vehicle_40_145,B
bb_1_150330_vehicle_228_22369,B
bb_1_150404_vehicle_19_058,B
bb_1_150421_vehicle_244_21576,B
bb_1_150519_vehicle_111_120,A
bb_1_150520_vehicle_118_103,A
bb_1_150525_vehicle_203_22496,A
bb_1_150710_vehicle_112_251,B
bb_1_150730_vehicle_223_20151,B
bb_1_150809_vehicle_147_008,A
bb_1_150926_vehicle_48_191,A
bb_1_151003_vehicle_146_067,B
bb_1_151028_vehicle_245_22901,B
bb_1_151124_vehicle_130_224,B
bb_1_151215_vehicle_35_117,B
bb_1_160126_vehicle_48_293,B
bb_1_160131_vehicle_260_23522,A
bb_1_160219_vehicle_142_150,A
bb_1_160224_vehicle_225_21572,B
bb_1_160412_vehicle_130_115,B
bb_1_160413_vehicle_230_22321,B
bb_1_160417_vehicle_146_110,A
bb_1_160422_vehicle_217_22450,A
bb_1_160615_vehicle_221_20958,B
bb_1_160630_vehicle_213_21607,A
bb_1_160712_vehicle_213_25054,A
bb_1_160718_vehicle_46_108,dup
bb_1_160801_vehicle_112_087,A
bb_1_160818_vehicle_219_21792,B
bb_1_161017_vehicle_41_214,A
bb_1_161116_vehicle_233_22808,A
bb_1_161217_vehicle_21_140,B
bb_1_170220_vehicle_120_015,A
bb_1_170227_vehicle_202_21800,A
bb_1_170304_vehicle_114_055,A
bb_1_170318_vehicle_253_21783,B
bb_1_170324_vehicle_241_21687,A
bb_1_170325_vehicle_211_21009,B
bb_1_170404_vehicle_217_46857,B
bb_1_170429_vehicle_41_130,B
bb_1_170501_vehicle_215_24128,B
bb_1_170504_vehicle_246_22419,B
bb_1_170507_vehicle_241_24629,B
bb_1_170511_vehicle_249_21872,A
bb_1_170525_vehicle_118_074,B
bb_1_170527_vehicle_120_249,A
bb_1_170704_vehicle_199_109,A
bb_1_170724_vehicle_126_016,B
bb_1_170820_vehicle_210_20874,A
bb_1_170910_vehicle_225_23789,A
bb_1_170927_vehicle_235_21848,B
bb_1_171020_vehicle_111_071,B
bb_1_171028_vehicle_253_22351,B
bb_1_171122_vehicle_110_121,B
bb_1_171129_vehicle_226_20967,B
bb_1_171228_vehicle_142_127,B
bb_1_180102_vehicle_125_132,B
bb_1_180111_vehicle_145_097,A
bb_1_180205_vehicle_250_20911,err
bb_1_180206_vehicle_21_263,B
bb_1_180216_vehicle_236_23151,B
bb_1_180223_vehicle_39_155,A
bb_1_180420_vehicle_142_304,A
bb_1_180425_vehicle_114_064,A
bb_1_180524_vehicle_185_065,B
bb_1_180531_vehicle_244_22283,B
bb_1_180601_vehicle_253_22174,A
bb_1_180609_vehicle_156_006,A
bb_1_180723_vehicle_114_143,B
bb_1_180729_vehicle_219_21620,A
bb_1_180802_vehicle_225_23934,A
bb_1_180807_vehicle_251_21932,B
bb_1_180923_vehicle_252_21737,B
bb_1_181019_vehicle_198_081,A
bb_1_181103_vehicle_123_317,B
bb_1_181110_vehicle_194_077,B
bb_1_190123_vehicle_232_21515,A
bb_1_190124_vehicle_30_397,A
bb_1_190318_vehicle_229_21641,B
bb_1_190324_vehicle_312_060,A
bb_1_190328_vehicle_127_038,A
bb_1_190330_vehicle_260_24750,B
bb_1_190422_vehicle_238_23523,B
bb_1_190515_vehicle_47_047,A
bb_1_190519_vehicle_141_086,A
bb_1_190617_vehicle_209_23322,B
bb_1_190707_vehicle_38_132,A
bb_1_190725_vehicle_113_091,A
bb_1_190731_vehicle_206_22117,A
bb_1_190809_vehicle_210_21031,B
bb_1_190921_vehicle_220_22287,B
bb_1_191020_vehicle_117_042,A
bb_1_191029_vehicle_126_210,B
bb_1_191108_vehicle_214_20524,B
bb_1_200214_vehicle_311_059,B
bb_1_200215_vehicle_127_056,B
bb_1_200324_vehicle_223_22795,B
bb_1_200409_vehicle_201_23677,A
bb_1_200410_vehicle_48_030,B
bb_1_200515_vehicle_47_038,A
bb_1_200808_vehicle_119_302,A
bb_1_200813_vehicle_249_21072,A
bb_1_200819_vehicle_143_070,A
bb_1_200821_vehicle_231_22366,B
bb_1_200917_vehicle_249_21727,A
bb_1_201104_vehicle_244_21504,B
bb_1_210126_vehicle_200_21653,A
bb_1_210202_vehicle_224_23649,A
bb_1_210206_vehicle_148_012,B
bb_1_210209_vehicle_112_136,A
bb_1_210210_vehicle_221_22209,B
bb_1_210507_vehicle_248_22993,B
bb_1_210523_vehicle_21_250,B
bb_1_210607_vehicle_314_057,A
bb_1_210713_vehicle_113_094,B
bb_1_210720_vehicle_206_22387,A
bb_1_210820_vehicle_113_137,A
bb_1_210827_vehicle_316_051,B
bb_1_210910_vehicle_45_284,A
bb_1_210927_vehicle_207_22007,A
bb_1_211031_vehicle_225_22188,A
bb_1_211124_vehicle_30_412,B
bb_1_211127_vehicle_252_24503,A
bb_1_211129_vehicle_235_21934,B
bb_1_211213_vehicle_114_167,B
bb_1_211214_vehicle_089_021,A
bb_1_211231_vehicle_118_119,B
bb_1_220105_vehicle_116_201,A
bb_1_220218_vehicle_190_028,A
bb_1_220219_vehicle_210_21470,B
bb_1_220313_vehicle_14_011,B
bb_1_220407_vehicle_47_037,B
bb_1_220414_vehicle_209_22339,B
bb_1_220507_vehicle_243_24810,A
bb_1_220801_vehicle_221_24841,A
bb_1_000915_vehicle_47_080,A
bb_1_010111_vehicle_215_35155,B
bb_1_010316_vehicle_148_318,A
bb_1_010610_vehicle_187_056,B
bb_1_020129_vehicle_149_098,A
bb_1_020603_vehicle_36_194,B
bb_1_030102_vehicle_111_122,A
bb_1_060515_vehicle_46_380,B
bb_1_100406_vehicle_47_203,B
bb_1_100813_vehicle_30_304,B
bb_1_100823_vehicle_208_23599,B
bb_1_101130_vehicle_220_34040,B
bb_1_110403_vehicle_194_048,err
bb_1_110913_vehicle_117_104,A
bb_1_111005_vehicle_119_274,A
bb_1_111122_vehicle_246_33913,B
bb_1_120106_vehicle_197_133,B
bb_1_120904_vehicle_118_062,B
bb_1_120908_vehicle_197_001,B
bb_1_121108_vehicle_144_201,B
bb_1_121117_vehicle_233_35549,A
bb_1_130306_vehicle_210_20835,A
bb_1_130405_vehicle_116_073,A
bb_1_130409_vehicle_19_009,A
bb_1_130712_vehicle_211_34983,A
bb_1_130911_vehicle_249_33686,B
bb_1_130926_vehicle_145_225,A
bb_1_131021_vehicle_221_34776,A
bb_1_140207_vehicle_237_20902,B
bb_1_140220_vehicle_243_34407,A
bb_1_140309_vehicle_21_034,B
bb_1_140331_vehicle_29_009,A
bb_1_140404_vehicle_228_21476,B
bb_1_140520_vehicle_119_277,B
bb_1_140602_vehicle_29_080,A
bb_1_140613_vehicle_244_24835,B
bb_1_140722_vehicle_212_22945,B
bb_1_140731_vehicle_141_168,A
bb_1_140802_vehicle_206_23302,A
bb_1_140815_vehicle_21_068,B
bb_1_140920_vehicle_193_005,B
bb_1_141102_vehicle_120_246,B
bb_1_141127_vehicle_126_272,A
bb_1_150105_vehicle_311_069,A
bb_1_150228_vehicle_19_161,B
bb_1_150309_vehicle_148_118,B
bb_1_150402_vehicle_245_35286,B
bb_1_150408_vehicle_48_106,B
bb_1_150508_vehicle_120_138,B
bb_1_150524_vehicle_212_20540,B
bb_1_150603_vehicle_260_33025,B
bb_1_150616_vehicle_205_23338,A
bb_1_150729_vehicle_19_044,A
bb_1_150911_vehicle_251_34345,A
bb_1_150917_vehicle_230_35910,A
bb_1_151018_vehicle_239_33311,B
bb_1_160131_vehicle_30_307,B
bb_1_160205_vehicle_247_24669,A
bb_1_160206_vehicle_207_25044,B
bb_1_160312_vehicle_190_072,B
bb_1_160316_vehicle_48_120,B
bb_1_160320_vehicle_225_35047,B
bb_1_160405_vehicle_127_064,B
bb_1_160406_vehicle_39_110,B
bb_1_160428_vehicle_124_131,A
bb_1_160429_vehicle_255_35978,A
bb_1_160618_vehicle_241_35992,err
bb_1_160724_vehicle_223_34106,A
bb_1_160802_vehicle_207_33849,A
bb_1_160811_vehicle_238_35116,A
bb_1_160904_vehicle_145_109,B
bb_1_160926_vehicle_144_108,B
bb_1_161005_vehicle_230_20909,B
bb_1_161013_vehicle_19_086,err
bb_1_161030_vehicle_236_34789,A
bb_1_161108_vehicle_202_34989,B
bb_1_161120_vehicle_255_34198,B
bb_1_170101_vehicle_131_150,B
bb_1_170113_vehicle_45_135,A
bb_1_170115_vehicle_141_262,A
bb_1_170201_vehicle_145_018,A
bb_1_170202_vehicle_21_273,B
bb_1_170221_vehicle_35_125,B
bb_1_170320_vehicle_41_218,B
bb_1_170321_vehicle_219_33135,A
bb_1_170325_vehicle_252_34610,err
bb_1_170409_vehicle_246_34649,A
bb_1_170416_vehicle_185_032,B
bb_1_170427_vehicle_113_018,B
bb_1_170503_vehicle_225_33868,B
bb_1_170515_vehicle_227_34081,B
bb_1_170523_vehicle_125_130,B
bb_1_170526_vehicle_234_33697,A
bb_1_170608_vehicle_41_129,err
bb_1_170611_vehicle_215_35727,B
bb_1_170616_vehicle_206_33968,B
bb_1_170623_vehicle_39_160,B
bb_1_170710_vehicle_208_20217,A
bb_1_170711_vehicle_220_35452,B
bb_1_170803_vehicle_108_205,B
bb_1_170808_vehicle_131_191,A
bb_1_170901_vehicle_126_065,B
bb_1_170903_vehicle_212_35630,B
bb_1_171008_vehicle_257_33279,B
bb_1_171009_vehicle_257_33632,err
bb_1_171011_vehicle_195_088,A
bb_1_171022_vehicle_205_21493,B
bb_1_171118_vehicle_234_33100,A
bb_1_180103_vehicle_120_053,B
bb_1_180106_vehicle_21_179,B
bb_1_180114_vehicle_220_25096,B
bb_1_180211_vehicle_112_283,A
bb_1_180219_vehicle_144_160,A
bb_1_180406_vehicle_127_145,B
bb_1_180425_vehicle_220_35989,A
bb_1_180503_vehicle_243_25341,A
bb_1_180511_vehicle_144_163,B
bb_1_180518_vehicle_130_072,A
bb_1_180520_vehicle_203_35775,A
bb_1_180616_vehicle_125_057,A
bb_1_180624_vehicle_253_34596,A
bb_1_180625_vehicle_260_21127,B
bb_1_180627_vehicle_260_35971,B
bb_1_180709_vehicle_226_23529,B
bb_1_180725_vehicle_110_123,B
bb_1_181001_vehicle_219_33829,B
bb_1_181031_vehicle_233_34430,A
bb_1_190103_vehicle_149_112,A
bb_1_190222_vehicle_249_34397,A
bb_1_190325_vehicle_312_075,B
bb_1_190406_vehicle_149_059,B
bb_1_190421_vehicle_249_22844,B
bb_1_190428_vehicle_236_20840,A
bb_1_190509_vehicle_089_461780,B
bb_1_190517_vehicle_147_045,A
bb_1_190612_vehicle_112_282,A
bb_1_190618_vehicle_131_178,A
bb_1_190621_vehicle_193_004,err
bb_1_190705_vehicle_314_082,A
bb_1_190715_vehicle_236_33121,B
bb_1_190807_vehicle_229_20042,A
bb_1_190818_vehicle_44_111,A
bb_1_190823_vehicle_089_461498,A
bb_1_190830_vehicle_131_062,B
bb_1_191004_vehicle_248_22217,A
bb_1_191029_vehicle_148_234,err
bb_1_200104_vehicle_30_340,B
bb_1_200130_vehicle_47_033,B
bb_1_200210_vehicle_311_051,A
bb_1_200223_vehicle_146_026,B
bb_1_200324_vehicle_243_35735,A
bb_1_200422_vehicle_212_25242,A
bb_1_200429_vehicle_256_33032,B
bb_1_200524_vehicle_251_20787,A
bb_1_200706_vehicle_200_054,B
bb_1_200710_vehicle_03_029,A
bb_1_200731_vehicle_246_21165,B
bb_1_200914_vehicle_40_187,B
bb_1_201001_vehicle_257_24832,A
bb_1_201015_vehicle_200_050,A
bb_1_201027_vehicle_232_33008,B
bb_1_201111_vehicle_114_063,err
bb_1_201113_vehicle_218_21015,A
bb_1_201129_vehicle_47_273,B
bb_1_210214_vehicle_03_017,A
bb_1_210226_vehicle_218_22584,A
bb_1_210227_vehicle_185_061,A
bb_1_210418_vehicle_203_24829,A
bb_1_210421_vehicle_225_22543,A
bb_1_210425_vehicle_254_33078,A
bb_1_210610_vehicle_149_088,err
bb_1_210614_vehicle_33_008,A
bb_1_210616_vehicle_314_015,B
bb_1_210626_vehicle_237_35309,A
bb_1_210702_vehicle_144_001,A
bb_1_210703_vehicle_230_23143,A
bb_1_210717_vehicle_141_275,A
bb_1_210817_vehicle_31_014,A
bb_1_210917_vehicle_212_25366,B
bb_1_211005_vehicle_147_057,B
bb_1_211008_vehicle_187_116,A
bb_1_211009_vehicle_04_001,A
bb_1_211010_vehicle_245_22937,A
bb_1_211030_vehicle_119_125,B
bb_1_211120_vehicle_37_124,A
bb_1_211123_vehicle_256_34869,A
bb_1_211124_vehicle_112_401,B
bb_1_220104_vehicle_30_039,A
bb_1_220107_vehicle_216_23513,A
bb_1_220116_vehicle_41_021,A
bb_1_220125_vehicle_219_35851,A
bb_1_220310_vehicle_120_068,B
bb_1_220312_vehicle_33_002,A
bb_1_220331_vehicle_205_22511,A
bb_1_220404_vehicle_190_109,B
bb_1_220405_vehicle_205_23695,B
bb_1_220521_vehicle_229_33884,B
bb_1_220603_vehicle_201_33912,err
bb_1_220608_vehicle_220_35536,A
bb_1_220612_vehicle_225_33225,B
bb_1_220615_vehicle_47_048,A
bb_1_220803_vehicle_192_149,B
bb_1_220810_vehicle_29_143,B
bb_1_220818_vehicle_212_21196,B
bb_1_001012_vehicle_123_046,B
bb_1_120101_vehicle_110_032,B
bb_1_130128_vehicle_29_007,A
bb_1_130205_vehicle_221_21685,B
bb_1_130520_vehicle_254_21676,B
bb_1_130815_vehicle_108_152,A
bb_1_131012_vehicle_19_031,B
bb_1_140225_vehicle_41_052,B
bb_1_140426_vehicle_211_41936,B
bb_1_140602_vehicle_248_21586,B
bb_1_141003_vehicle_47_118,A
bb_1_141104_vehicle_236_40595,B
bb_1_150106_vehicle_46_093,B
bb_1_150202_vehicle_46_091,B
bb_1_150210_vehicle_39_067,B
bb_1_150314_vehicle_202_22076,B
bb_1_150419_vehicle_240_41877,B
bb_1_150719_vehicle_149_049,B
bb_1_160214_vehicle_147_013,B
bb_1_160221_vehicle_21_098,B
bb_1_160901_vehicle_214_22383,B
bb_1_160919_vehicle_248_22259,A
bb_1_170124_vehicle_21_289,B
bb_1_170401_vehicle_227_44582,A
bb_1_170507_vehicle_41_109,B
bb_1_170513_vehicle_196_037,B
bb_1_170817_vehicle_245_40970,B
bb_1_171016_vehicle_225_40721,B
bb_1_180303_vehicle_255_22447,err
bb_1_180904_vehicle_44_228,A
bb_1_180920_vehicle_214_22256,A
bb_1_181008_vehicle_21_166,B
bb_1_181020_vehicle_143_030,A
bb_1_181207_vehicle_03_024,A
bb_1_190225_vehicle_113_141,A
bb_1_190411_vehicle_247_43007,err
bb_1_190424_vehicle_314_080,A
bb_1_190608_vehicle_218_22063,B
bb_1_190714_vehicle_316_006,B
bb_1_190808_vehicle_29_026,A
bb_1_190920_vehicle_206_21811,B
bb_1_190930_vehicle_231_44538,A
bb_1_191129_vehicle_33_021,A
bb_1_200123_vehicle_112_118,B
bb_1_200416_vehicle_201_43606,A
bb_1_200511_vehicle_193_008,B
bb_1_200821_vehicle_237_22077,B
bb_1_201012_vehicle_244_22075,B
bb_1_210126_vehicle_40_090,A
bb_1_210214_vehicle_254_43553,A
bb_1_210616_vehicle_196_043,B
bb_1_210619_vehicle_21_249,B
bb_1_210812_vehicle_214_41412,A
bb_1_210921_vehicle_226_22045,B
bb_1_210926_vehicle_205_22017,A
bb_1_211009_vehicle_21_039,B
bb_1_211027_vehicle_251_21748,A
bb_1_211031_vehicle_193_190,B
bb_1_220128_vehicle_46_022,A
bb_1_220204_vehicle_124_003,A
bb_1_220209_vehicle_34_006,err
bb_1_220424_vehicle_187_012,B
bb_1_220530_vehicle_131_022,B
bb_1_220704_vehicle_224_21629,A
bb_1_220728_vehicle_252_22487,B
bb_1_000129_vehicle_228_29089,B
bb_1_001110_vehicle_216_21607,B
bb_1_001126_vehicle_48_127,B
bb_1_010518_vehicle_219_21998,B
bb_1_011026_vehicle_312_143,A
bb_1_011027_vehicle_112_099,B
bb_1_020202_vehicle_219_21998,B
bb_1_020413_vehicle_187_022,B
bb_1_020515_vehicle_209_22769,B
bb_1_020701_vehicle_116_155,A
bb_1_020809_vehicle_08_001,B
bb_1_020928_vehicle_249_27524,B
bb_1_021008_vehicle_190_020,B
bb_1_040111_vehicle_235_46077,B
bb_1_070422_vehicle_257_46323,A
bb_1_090121_vehicle_108_081,A
bb_1_090921_vehicle_112_196,B
bb_1_100206_vehicle_241_53392,B
bb_1_100213_vehicle_30_300,B
bb_1_100308_vehicle_228_21979,A
bb_1_100727_vehicle_21_024,B
bb_1_100911_vehicle_201_53456,B
bb_1_100927_vehicle_252_21755,A
bb_1_110317_vehicle_119_224,B
bb_1_110414_vehicle_205_53335,B
bb_1_110510_vehicle_242_46152,A
bb_1_110620_vehicle_213_53445,B
bb_1_110713_vehicle_216_53337,B
bb_1_110813_vehicle_260_45868,A
bb_1_110901_vehicle_197_077,B
bb_1_110927_vehicle_149_207,A
bb_1_111022_vehicle_27_017,B
bb_1_120126_vehicle_29_109,B
bb_1_120213_vehicle_206_22374,B
bb_1_120218_vehicle_117_037,B
bb_1_120227_vehicle_112_237,A
bb_1_120310_vehicle_219_22323,A
bb_1_120318_vehicle_113_157,A
bb_1_120325_vehicle_197_003,A
bb_1_120406_vehicle_213_24398,B
bb_1_120509_vehicle_24_016,A
bb_1_120517_vehicle_239_54693,B
bb_1_120608_vehicle_197_120,A
bb_1_120710_vehicle_116_167,A
bb_1_120804_vehicle_38_122,A
bb_1_120805_vehicle_199_093,B
bb_1_120815_vehicle_141_149,A
bb_1_120901_vehicle_216_53671,B
bb_1_120917_vehicle_31_006,B
bb_1_121015_vehicle_36_195,B
bb_1_121119_vehicle_187_016,B
bb_1_121122_vehicle_124_038,B
bb_1_130104_vehicle_48_190,B
bb_1_130107_vehicle_227_29017,B
bb_1_130117_vehicle_141_303,A
bb_1_130120_vehicle_41_140,B
bb_1_130123_vehicle_113_315,B
bb_1_130124_vehicle_30_201,B
bb_1_130131_vehicle_39_138,B
bb_1_130202_vehicle_230_29051,B
bb_1_130209_vehicle_209_46412,A
bb_1_130211_vehicle_252_28029,A
bb_1_130219_vehicle_156_026,B
bb_1_130221_vehicle_226_28874,A
bb_1_130225_vehicle_230_53614,A
bb_1_130305_vehicle_202_26619,A
bb_1_130331_vehicle_213_53505,B
bb_1_130406_vehicle_239_54693,B
bb_1_130408_vehicle_31_107,B
bb_1_130412_vehicle_116_077,B
bb_1_130504_vehicle_118_067,B
bb_1_130505_vehicle_116_071,B
bb_1_130511_vehicle_44_237,B
bb_1_130520_vehicle_240_28813,B
bb_1_130604_vehicle_216_28358,B
bb_1_130615_vehicle_221_26565,B
bb_1_130616_vehicle_214_26125,B
bb_1_130619_vehicle_29_332,A
bb_1_130626_vehicle_221_55006,A
bb_1_130710_vehicle_212_52656,B
bb_1_130714_vehicle_240_51825,B
bb_1_130716_vehicle_215_26611,B
bb_1_130718_vehicle_44_186,err
bb_1_130721_vehicle_248_29436,B
bb_1_130731_vehicle_193_005,err
bb_1_130819_vehicle_254_22294,B
bb_1_130919_vehicle_223_27927,B
bb_1_130924_vehicle_200_21771,B
bb_1_131003_vehicle_255_29599,A
bb_1_131004_vehicle_229_27996,A
bb_1_131007_vehicle_38_097,B
bb_1_131009_vehicle_48_192,B
bb_1_131018_vehicle_197_081,B
bb_1_131019_vehicle_113_112,B
bb_1_131025_vehicle_45_225,B
bb_1_131102_vehicle_121_110,B
bb_1_131123_vehicle_130_065,A
bb_1_131128_vehicle_125_066,B
bb_1_131219_vehicle_226_21606,B
bb_1_140101_vehicle_30_266,A
bb_1_140103_vehicle_258_27837,B
bb_1_140117_vehicle_38_123,B
bb_1_140127_vehicle_240_28954,A
bb_1_140130_vehicle_46_148,B
bb_1_140204_vehicle_46_080,B
bb_1_140218_vehicle_250_27688,B
bb_1_140222_vehicle_208_21780,B
bb_1_140319_vehicle_48_187,B
bb_1_140330_vehicle_230_55319,A
bb_1_140401_vehicle_120_085,B
bb_1_140404_vehicle_29_155,A
bb_1_140404_vehicle_37_079,A
bb_1_140405_vehicle_129_146,A
bb_1_140416_vehicle_217_26492,B
bb_1_140418_vehicle_126_166,A
bb_1_140419_vehicle_145_228,A
bb_1_140517_vehicle_200_53971,B
bb_1_140602_vehicle_36_154,B
bb_1_140606_vehicle_30_198,A
bb_1_140609_vehicle_40_152,B
bb_1_140613_vehicle_224_55460,B
bb_1_140617_vehicle_260_50406,B
bb_1_140628_vehicle_124_037,B
bb_1_140710_vehicle_108_100,B
bb_1_140801_vehicle_46_162,A
bb_1_140804_vehicle_112_092,B
bb_1_140820_vehicle_190_158,B
bb_1_140904_vehicle_257_51078,A
bb_1_140905_vehicle_40_123,B
bb_1_140916_vehicle_212_21599,A
bb_1_140923_vehicle_234_45271,A
bb_1_140930_vehicle_112_239,B
bb_1_141005_vehicle_198_116,B
bb_1_141006_vehicle_48_205,B
bb_1_141019_vehicle_108_231,B
bb_1_141024_vehicle_46_180,B
bb_1_141025_vehicle_46_182,B
bb_1_141101_vehicle_222_50543,A
bb_1_141105_vehicle_113_147,B
bb_1_141106_vehicle_197_102,B
bb_1_141115_vehicle_29_176,B
bb_1_141219_vehicle_142_118,B
bb_1_150107_vehicle_29_222,B
bb_1_150108_vehicle_221_22139,B
bb_1_150111_vehicle_141_248,B
bb_1_150114_vehicle_129_220,B
bb_1_150124_vehicle_45_229,A
bb_1_150202_vehicle_209_26259,B
bb_1_150202_vehicle_214_53773,B
bb_1_150204_vehicle_129_196,B
bb_1_150205_vehicle_118_158,B
bb_1_150210_vehicle_39_144,B
bb_1_150218_vehicle_201_54307,A
bb_1_150222_vehicle_237_55104,A
bb_1_150305_vehicle_253_29406,err
bb_1_150306_vehicle_47_228,B
bb_1_150307_vehicle_35_131,B
bb_1_150312_vehicle_46_149,B
bb_1_150317_vehicle_187_089,A
bb_1_150321_vehicle_108_217,B
bb_1_150326_vehicle_113_201,A
bb_1_150402_vehicle_142_073,B
bb_1_150408_vehicle_212_54371,A
bb_1_150413_vehicle_30_287,B
bb_1_150415_vehicle_197_108,B
bb_1_150417_vehicle_130_222,B
bb_1_150421_vehicle_141_316,A
bb_1_150430_vehicle_226_28720,B
bb_1_150502_vehicle_223_22440,A
bb_1_150509_vehicle_250_26817,B
bb_1_150515_vehicle_35_066,B
bb_1_150517_vehicle_37_150,A
bb_1_150527_vehicle_144_117,A
bb_1_150601_vehicle_113_139,A
bb_1_150606_vehicle_231_53817,B
bb_1_150610_vehicle_113_178,B
bb_1_150614_vehicle_195_192,B
bb_1_150621_vehicle_193_001,B
bb_1_150701_vehicle_142_112,B
bb_1_150715_vehicle_35_046,B
bb_1_150720_vehicle_30_295,B
bb_1_150731_vehicle_236_21989,A
bb_1_150807_vehicle_110_043,A
bb_1_150811_vehicle_45_215,A
bb_1_150819_vehicle_30_285,B
bb_1_150819_vehicle_30_306,B
bb_1_150826_vehicle_218_29498,B
bb_1_150830_vehicle_39_161,B
bb_1_150902_vehicle_48_290,A
bb_1_150903_vehicle_143_131,B
bb_1_151001_vehicle_108_049,A
bb_1_151002_vehicle_257_21600,B
bb_1_151003_vehicle_30_297,B
bb_1_151021_vehicle_141_321,B
bb_1_151030_vehicle_203_26631,A
bb_1_151102_vehicle_255_21729,A
bb_1_151102_vehicle_44_178,B
bb_1_151105_vehicle_47_237,B
bb_1_151111_vehicle_117_146,B
bb_1_151114_vehicle_236_55421,B
bb_1_151128_vehicle_47_241,B
bb_1_151130_vehicle_121_191,B
bb_1_160111_vehicle_208_27677,B
bb_1_160112_vehicle_212_22498,B
bb_1_160114_vehicle_246_53649,A
bb_1_160116_vehicle_222_29116,A
bb_1_160117_vehicle_240_28254,B
bb_1_160117_vehicle_248_53310,B
bb_1_160129_vehicle_201_29636,A
bb_1_160216_vehicle_221_22485,B
bb_1_160220_vehicle_234_28385,B
bb_1_160223_vehicle_239_22171,B
bb_1_160224_vehicle_233_26451,B
bb_1_160225_vehicle_252_29172,A
bb_1_160226_vehicle_110_028,A
bb_1_160228_vehicle_48_221,B
bb_1_160302_vehicle_226_27185,B
bb_1_160305_vehicle_207_53427,B
bb_1_160306_vehicle_112_181,A
bb_1_160310_vehicle_237_28782,B
bb_1_160317_vehicle_47_242,B
bb_1_160318_vehicle_219_54664,B
bb_1_160319_vehicle_222_21581,B
bb_1_160330_vehicle_259_22473,B
bb_1_160401_vehicle_212_53584,B
bb_1_160401_vehicle_240_21561,B
bb_1_160417_vehicle_209_26056,B
bb_1_160421_vehicle_148_310,B
bb_1_160424_vehicle_185_091,A
bb_1_160425_vehicle_218_27467,B
bb_1_160503_vehicle_217_22235,B
bb_1_160521_vehicle_108_237,B
bb_1_160522_vehicle_194_064,B
bb_1_160523_vehicle_127_075,B
bb_1_160523_vehicle_241_45034,A
bb_1_160527_vehicle_240_53253,B
bb_1_160527_vehicle_240_55971,A
bb_1_160527_vehicle_252_55851,A
bb_1_160607_vehicle_117_119,A
bb_1_160612_vehicle_212_53256,B
bb_1_160614_vehicle_112_113,B
bb_1_160626_vehicle_126_128,B
bb_1_160629_vehicle_46_228,B
bb_1_160701_vehicle_116_057,A
bb_1_160705_vehicle_130_049,B
bb_1_160706_vehicle_234_52495,B
bb_1_160715_vehicle_129_067,B
bb_1_160716_vehicle_260_45347,A
bb_1_160723_vehicle_19_138,B
bb_1_160726_vehicle_218_26013,A
bb_1_160730_vehicle_145_067,B
bb_1_160731_vehicle_197_070,B
bb_1_160803_vehicle_47_248,B
bb_1_160805_vehicle_147_144,B
bb_1_160808_vehicle_123_131,B
bb_1_160816_vehicle_130_232,B
bb_1_160817_vehicle_247_26894,B
bb_1_160820_vehicle_112_285,A
bb_1_160825_vehicle_244_23264,B
bb_1_160827_vehicle_40_164,A
bb_1_160902_vehicle_129_276,A
bb_1_160902_vehicle_246_22265,B
bb_1_160907_vehicle_225_29967,B
bb_1_160910_vehicle_241_26225,B
bb_1_160912_vehicle_238_27608,A
bb_1_160912_vehicle_241_28159,B
bb_1_160916_vehicle_143_034,B
bb_1_160920_vehicle_130_216,B
bb_1_160927_vehicle_39_159,A
bb_1_161010_vehicle_145_069,B
bb_1_161011_vehicle_129_072,B
bb_1_161017_vehicle_219_28261,B
bb_1_161017_vehicle_246_55178,B
bb_1_161026_vehicle_125_149,B
bb_1_161101_vehicle_218_29259,B
bb_1_161113_vehicle_112_207,A
bb_1_161119_vehicle_46_383,A
bb_1_161209_vehicle_21_152,B
bb_1_161217_vehicle_117_032,A
bb_1_161228_vehicle_119_077,B
bb_1_161231_vehicle_156_010,B
bb_1_170103_vehicle_46_240,B
bb_1_170110_vehicle_200_149,B
bb_1_170111_vehicle_129_279,B
bb_1_170111_vehicle_232_53310,B
bb_1_170113_vehicle_29_224,A
bb_1_170114_vehicle_146_099,A
bb_1_170116_vehicle_127_136,A
bb_1_170119_vehicle_260_21812,err
bb_1_170120_vehicle_233_22160,B
bb_1_170125_vehicle_217_51608,B
bb_1_170127_vehicle_142_157,A
bb_1_170129_vehicle_223_27249,A
bb_1_170131_vehicle_35_086,B
bb_1_170203_vehicle_38_075,B
bb_1_170208_vehicle_30_210,B
bb_1_170211_vehicle_216_21655,B
bb_1_170211_vehicle_245_53159,B
bb_1_170212_vehicle_46_278,B
bb_1_170216_vehicle_30_277,B
bb_1_170217_vehicle_207_28603,A
bb_1_170222_vehicle_247_55530,B
bb_1_170225_vehicle_209_45264,B
bb_1_170304_vehicle_114_075,B
bb_1_170310_vehicle_31_111,B
bb_1_170313_vehicle_127_092,A
bb_1_170313_vehicle_239_21521,B
bb_1_170313_vehicle_241_21533,B
bb_1_170315_vehicle_131_084,B
bb_1_170318_vehicle_234_22206,A
bb_1_170322_vehicle_118_073,B
bb_1_170326_vehicle_110_047,B
bb_1_170329_vehicle_44_173,B
bb_1_170331_vehicle_216_29088,A
bb_1_170407_vehicle_088_001,B
bb_1_170413_vehicle_130_055,A
bb_1_170414_vehicle_112_148,A
bb_1_170429_vehicle_251_52464,B
bb_1_170430_vehicle_185_053,B
bb_1_170501_vehicle_125_129,B
bb_1_170502_vehicle_243_55884,A
bb_1_170504_vehicle_126_319,B
bb_1_170504_vehicle_127_193,A
bb_1_170504_vehicle_131_012,A
bb_1_170508_vehicle_123_173,B
bb_1_170513_vehicle_129_227,B
bb_1_170524_vehicle_123_196,B
bb_1_170527_vehicle_41_100,B
bb_1_170531_vehicle_227_54845,B
bb_1_170604_vehicle_257_22024,B
bb_1_170605_vehicle_254_52435,A
bb_1_170607_vehicle_253_53361,B
bb_1_170612_vehicle_253_27415,A
bb_1_170620_vehicle_204_55174,B
bb_1_170623_vehicle_126_100,B
bb_1_170627_vehicle_116_230,B
bb_1_170706_vehicle_205_28282,B
bb_1_170709_vehicle_123_206,B
bb_1_170713_vehicle_197_029,A
bb_1_170715_vehicle_45_234,B
bb_1_170721_vehicle_243_53312,B
bb_1_170725_vehicle_206_22401,B
bb_1_170807_vehicle_257_28495,B
bb_1_170808_vehicle_46_244,B
bb_1_170809_vehicle_29_114,B
bb_1_170812_vehicle_208_22435,B
bb_1_170812_vehicle_231_22115,B
bb_1_170813_vehicle_121_159,B
bb_1_170813_vehicle_248_51915,B
bb_1_170813_vehicle_44_137,B
bb_1_170814_vehicle_231_52660,B
bb_1_170815_vehicle_253_21538,B
bb_1_170817_vehicle_213_53897,B
bb_1_170820_vehicle_36_199,A
bb_1_170825_vehicle_192_094,A
bb_1_170830_vehicle_185_042,B
bb_1_170901_vehicle_251_55879,B
bb_1_170906_vehicle_235_53266,B
bb_1_170907_vehicle_123_218,B
bb_1_170911_vehicle_121_081,B
bb_1_170913_vehicle_126_069,B
bb_1_170913_vehicle_243_54296,B
bb_1_170914_vehicle_21_168,B
bb_1_170923_vehicle_204_54112,B
bb_1_170924_vehicle_223_53183,B
bb_1_170925_vehicle_190_087,B
bb_1_170927_vehicle_113_048,A
bb_1_170929_vehicle_148_309,B
bb_1_170929_vehicle_31_094,B
bb_1_171002_vehicle_248_51085,A
bb_1_171003_vehicle_37_097,A
bb_1_171005_vehicle_157_019,err
bb_1_171014_vehicle_44_158,B
bb_1_171014_vehicle_46_280,A
bb_1_171015_vehicle_29_341,A
bb_1_171017_vehicle_185_120,A
bb_1_171019_vehicle_123_213,B
bb_1_171020_vehicle_46_269,B
bb_1_171024_vehicle_40_200,B
bb_1_171031_vehicle_224_52685,B
bb_1_171031_vehicle_47_270,B
bb_1_171102_vehicle_126_323,B
bb_1_171105_vehicle_200_144,A
bb_1_171110_vehicle_204_28958,A
bb_1_171116_vehicle_125_026,A
bb_1_171116_vehicle_242_53875,B
bb_1_171116_vehicle_259_54428,B
bb_1_171118_vehicle_207_28735,B
bb_1_171119_vehicle_30_270,B
bb_1_171120_vehicle_229_53328,B
bb_1_171121_vehicle_201_28061,B
bb_1_171124_vehicle_117_062,B
bb_1_180102_vehicle_40_086,B
bb_1_180107_vehicle_110_163,B
bb_1_180114_vehicle_112_184,B
bb_1_180116_vehicle_196_032,A
bb_1_180117_vehicle_232_28227,B
bb_1_180122_vehicle_19_088,B
bb_1_180123_vehicle_48_284,B
bb_1_180125_vehicle_112_186,A
bb_1_180128_vehicle_46_263,B
bb_1_180201_vehicle_110_051,A
bb_1_180211_vehicle_129_061,B
bb_1_180211_vehicle_219_22066,B
bb_1_180212_vehicle_120_114,B
bb_1_180215_vehicle_108_024,A
bb_1_180222_vehicle_148_238,B
bb_1_180225_vehicle_141_335,B
bb_1_180225_vehicle_228_29036,err
bb_1_180228_vehicle_191_044,A
bb_1_180302_vehicle_200_52154,B
bb_1_180303_vehicle_250_28373,B
bb_1_180307_vehicle_127_022,B
bb_1_180307_vehicle_254_55786,A
bb_1_180310_vehicle_201_28264,B
bb_1_180313_vehicle_112_073,A
bb_1_180316_vehicle_48_146,A
bb_1_180317_vehicle_203_21725,B
bb_1_180331_vehicle_202_53841,B
bb_1_180403_vehicle_190_075,B
bb_1_180403_vehicle_197_041,B
bb_1_180411_vehicle_237_52511,B
bb_1_180417_vehicle_192_049,B
bb_1_180421_vehicle_260_46588,B
bb_1_180427_vehicle_131_097,B
bb_1_180428_vehicle_225_28681,A
bb_1_180504_vehicle_238_55112,B
bb_1_180505_vehicle_207_21662,B
bb_1_180508_vehicle_123_021,A
bb_1_180508_vehicle_251_55571,B
bb_1_180526_vehicle_229_46326,B
bb_1_180527_vehicle_256_54304,B
bb_1_180603_vehicle_39_115,A
bb_1_180608_vehicle_124_114,B
bb_1_180613_vehicle_21_229,A
bb_1_180622_vehicle_250_45253,B
bb_1_180625_vehicle_108_193,A
bb_1_180627_vehicle_237_51382,B
bb_1_180701_vehicle_145_063,B
bb_1_180712_vehicle_141_242,B
bb_1_180713_vehicle_260_22152,A
bb_1_180714_vehicle_248_52678,B
bb_1_180728_vehicle_260_21697,B
bb_1_180729_vehicle_198_137,A
bb_1_180803_vehicle_228_25184,B
bb_1_180806_vehicle_221_29157,B
bb_1_180811_vehicle_256_51190,B
bb_1_180816_vehicle_129_188,A
bb_1_180820_vehicle_218_29241,B
bb_1_180820_vehicle_40_112,B
bb_1_180826_vehicle_117_065,A
bb_1_180902_vehicle_48_242,A
bb_1_180908_vehicle_46_306,B
bb_1_180910_vehicle_191_085,B
bb_1_180911_vehicle_251_26795,A
bb_1_180920_vehicle_47_308,B
bb_1_180923_vehicle_244_21735,B
bb_1_180925_vehicle_46_271,B
bb_1_181004_vehicle_21_159,A
bb_1_181007_vehicle_149_055,A
bb_1_181015_vehicle_118_052,B
bb_1_181015_vehicle_208_53559,A
bb_1_181020_vehicle_199_029,A
bb_1_181022_vehicle_123_034,A
bb_1_181023_vehicle_127_053,B
bb_1_181024_vehicle_118_137,B
bb_1_181031_vehicle_234_29850,B
bb_1_181101_vehicle_205_22196,B
bb_1_181101_vehicle_235_22419,A
bb_1_181104_vehicle_195_096,B
bb_1_181107_vehicle_129_235,B
bb_1_181111_vehicle_246_26426,B
bb_1_181113_vehicle_233_55080,A
bb_1_181121_vehicle_117_045,A
bb_1_181122_vehicle_227_46417,B
bb_1_190105_vehicle_41_182,A
bb_1_190110_vehicle_231_53923,B
bb_1_190113_vehicle_126_133,A
bb_1_190114_vehicle_130_073,B
bb_1_190115_vehicle_157_006,err
bb_1_190118_vehicle_38_113,B
bb_1_190120_vehicle_237_26002,A
bb_1_190204_vehicle_251_22333,B
bb_1_190206_vehicle_207_51987,B
bb_1_190212_vehicle_123_308,err
bb_1_190212_vehicle_312_046,B
bb_1_190216_vehicle_211_27943,A
bb_1_190223_vehicle_244_46409,B
bb_1_190302_vehicle_244_53300,A
bb_1_190304_vehicle_223_45166,A
bb_1_190316_vehicle_185_047,B
bb_1_190316_vehicle_35_121,B
bb_1_190327_vehicle_245_51736,A
bb_1_190404_vehicle_247_53884,B
bb_1_190405_vehicle_220_26625,A
bb_1_190407_vehicle_218_21931,B
bb_1_190410_vehicle_235_29111,B
bb_1_190411_vehicle_231_45782,A
bb_1_190418_vehicle_190_044,B
bb_1_190424_vehicle_116_083,B
bb_1_190425_vehicle_208_50213,B
bb_1_190428_vehicle_41_179,B
bb_1_190507_vehicle_192_060,B
bb_1_190511_vehicle_248_55799,B
bb_1_190516_vehicle_222_22201,A
bb_1_190517_vehicle_145_175,B
bb_1_190520_vehicle_131_183,B
bb_1_190520_vehicle_47_315,B
bb_1_190521_vehicle_313_074,B
bb_1_190523_vehicle_131_229,B
bb_1_190526_vehicle_207_51636,B
bb_1_190527_vehicle_197_040,B
bb_1_190531_vehicle_198_142,B
bb_1_190604_vehicle_232_52747,A
bb_1_190606_vehicle_129_211,B
bb_1_190618_vehicle_314_005,B
bb_1_190719_vehicle_114_050,B
bb_1_190719_vehicle_245_22244,A
bb_1_190721_vehicle_149_240,B
bb_1_190723_vehicle_243_53312,B
bb_1_190725_vehicle_44_204,B
bb_1_190726_vehicle_217_26778,B
bb_1_190728_vehicle_221_54971,B
bb_1_190810_vehicle_44_182,B
bb_1_190819_vehicle_145_141,B
bb_1_190823_vehicle_38_057,B
bb_1_190905_vehicle_119_054,B
bb_1_190907_vehicle_142_056,B
bb_1_190912_vehicle_126_148,B
bb_1_190913_vehicle_209_28237,B
bb_1_190913_vehicle_260_22167,A
bb_1_190927_vehicle_46_195,B
bb_1_190930_vehicle_218_45456,B
bb_1_191003_vehicle_29_369,B
bb_1_191009_vehicle_125_157,B
bb_1_191009_vehicle_198_125,B
bb_1_191029_vehicle_244_53089,A
bb_1_191113_vehicle_129_076,A
bb_1_191117_vehicle_141_039,B
bb_1_191120_vehicle_149_092,A
bb_1_191122_vehicle_143_159,B
bb_1_191123_vehicle_229_27096,A
bb_1_191126_vehicle_124_015,A
bb_1_191128_vehicle_144_299,B
bb_1_200122_vehicle_208_52683,B
bb_1_200124_vehicle_125_186,A
bb_1_200124_vehicle_229_51896,A
bb_1_200128_vehicle_117_054,B
bb_1_200130_vehicle_244_50425,B
bb_1_200131_vehicle_311_017,B
bb_1_200203_vehicle_311_034,B
bb_1_200205_vehicle_256_50708,err
bb_1_200207_vehicle_142_200,A
bb_1_200218_vehicle_311_061,B
bb_1_200223_vehicle_142_310,B
bb_1_200223_vehicle_253_55040,B
bb_1_200225_vehicle_125_063,B
bb_1_200302_vehicle_224_21834,A
bb_1_200310_vehicle_142_303,A
bb_1_200319_vehicle_312_138,B
bb_1_200326_vehicle_204_28949,B
bb_1_200329_vehicle_232_22154,A
bb_1_200404_vehicle_312_119,A
bb_1_200407_vehicle_312_118,B
bb_1_200413_vehicle_240_45462,A
bb_1_200414_vehicle_121_028,B
bb_1_200415_vehicle_36_193,B
bb_1_200419_vehicle_112_294,B
bb_1_200421_vehicle_312_030,B
bb_1_200421_vehicle_41_193,err
bb_1_200422_vehicle_312_114,A
bb_1_200429_vehicle_44_152,B
bb_1_200502_vehicle_230_29974,A
bb_1_200504_vehicle_129_081,A
bb_1_200504_vehicle_204_45538,A
bb_1_200510_vehicle_189_099,B
bb_1_200514_vehicle_243_50236,B
bb_1_200517_vehicle_313_063,B
bb_1_200523_vehicle_125_097,A
bb_1_200527_vehicle_118_048,B
bb_1_200528_vehicle_195_056,A
bb_1_200602_vehicle_48_175,A
bb_1_200604_vehicle_200_55439,A
bb_1_200607_vehicle_30_347,A
bb_1_200608_vehicle_223_53921,B
bb_1_200620_vehicle_157_027,err
bb_1_200625_vehicle_148_324,B
bb_1_200626_vehicle_233_22494,B
bb_1_200626_vehicle_245_51595,B
bb_1_200629_vehicle_47_300,B
bb_1_200630_vehicle_234_45303,A
bb_1_200706_vehicle_250_21947,A
bb_1_200714_vehicle_200_28840,B
bb_1_200721_vehicle_119_102,A
bb_1_200721_vehicle_143_068,B
bb_1_200723_vehicle_123_283,A
bb_1_200729_vehicle_207_22202,B
bb_1_200731_vehicle_129_289,B
bb_1_200801_vehicle_131_056,B
bb_1_200805_vehicle_127_096,A
bb_1_200809_vehicle_253_54981,A
bb_1_200810_vehicle_232_50852,B
bb_1_200810_vehicle_253_51728,B
bb_1_200814_vehicle_149_262,A
bb_1_200818_vehicle_316_087,A
bb_1_200818_vehicle_44_105,B
bb_1_200820_vehicle_245_54520,B
bb_1_200822_vehicle_221_28303,B
bb_1_200828_vehicle_204_52103,B
bb_1_200830_vehicle_199_043,A
bb_1_200902_vehicle_30_399,B
bb_1_200904_vehicle_210_55816,B
bb_1_200910_vehicle_313_040,B
bb_1_200924_vehicle_119_268,A
bb_1_201015_vehicle_237_51447,B
bb_1_201017_vehicle_210_54697,B
bb_1_201024_vehicle_313_003,A
bb_1_201028_vehicle_232_29278,B
bb_1_201030_vehicle_116_126,B
bb_1_201031_vehicle_127_042,B
bb_1_201105_vehicle_144_077,A
bb_1_201108_vehicle_089_531490,B
bb_1_201109_vehicle_129_042,A
bb_1_201110_vehicle_125_174,B
bb_1_201118_vehicle_131_018,B
bb_1_201125_vehicle_215_51410,A
bb_1_210105_vehicle_192_020,B
bb_1_210105_vehicle_48_014,A
bb_1_210106_vehicle_237_46585,A
bb_1_210106_vehicle_251_54286,B
bb_1_210112_vehicle_221_51168,B
bb_1_210113_vehicle_314_089,err
bb_1_210114_vehicle_253_50073,B
bb_1_210115_vehicle_45_281,B
bb_1_210131_vehicle_234_54950,B
bb_1_210204_vehicle_120_164,B
bb_1_210204_vehicle_238_50189,B
bb_1_210209_vehicle_119_350,A
bb_1_210210_vehicle_212_45839,A
bb_1_210211_vehicle_235_52389,A
bb_1_210222_vehicle_157_042,err
bb_1_210223_vehicle_148_118,A
bb_1_210226_vehicle_127_196,B
bb_1_210301_vehicle_311_088,B
bb_1_210305_vehicle_311_110,A
bb_1_210309_vehicle_312_005,A
bb_1_210320_vehicle_39_003,A
bb_1_210322_vehicle_312_084,B
bb_1_210327_vehicle_244_53998,A
bb_1_210329_vehicle_217_55410,A
bb_1_210329_vehicle_312_097,A
bb_1_210402_vehicle_312_083,B
bb_1_210404_vehicle_108_030,A
bb_1_210405_vehicle_127_116,B
bb_1_210411_vehicle_242_28675,A
bb_1_210411_vehicle_314_058,B
bb_1_210413_vehicle_210_50897,B
bb_1_210413_vehicle_234_51432,B
bb_1_210414_vehicle_119_303,B
bb_1_210414_vehicle_244_50609,B
bb_1_210423_vehicle_246_21641,A
bb_1_210426_vehicle_46_340,B
bb_1_210429_vehicle_212_51737,B
bb_1_210429_vehicle_41_172,B
bb_1_210501_vehicle_315_040,A
bb_1_210506_vehicle_205_51149,A
bb_1_210513_vehicle_193_206,B
bb_1_210516_vehicle_313_078,B
bb_1_210517_vehicle_187_010,B
bb_1_210521_vehicle_192_088,B
bb_1_210521_vehicle_252_21664,A
bb_1_210522_vehicle_141_096,A
bb_1_210522_vehicle_315_061,B
bb_1_210525_vehicle_208_28894,A
bb_1_210528_vehicle_213_25436,A
bb_1_210529_vehicle_248_50300,A
bb_1_210531_vehicle_145_174,B
bb_1_210531_vehicle_314_010,A
bb_1_210607_vehicle_258_21938,B
bb_1_210609_vehicle_227_50374,B
bb_1_210610_vehicle_235_55509,B
bb_1_210614_vehicle_230_46124,B
bb_1_210616_vehicle_314_014,B
bb_1_210625_vehicle_45_002,A
bb_1_210629_vehicle_217_46492,B
bb_1_210629_vehicle_315_027,B
bb_1_210701_vehicle_217_21650,B
bb_1_210702_vehicle_119_189,B
bb_1_210702_vehicle_208_50000,B
bb_1_210710_vehicle_257_28822,B
bb_1_210711_vehicle_205_21625,A
bb_1_210714_vehicle_315_075,B
bb_1_210717_vehicle_121_172,B
bb_1_210717_vehicle_198_042,B
bb_1_210719_vehicle_235_46366,B
bb_1_210721_vehicle_110_080,B
bb_1_210723_vehicle_117_074,err
bb_1_210724_vehicle_201_28854,A
bb_1_210728_vehicle_200_121,B
bb_1_210730_vehicle_112_278,B
bb_1_210809_vehicle_215_26656,B
bb_1_210813_vehicle_239_29362,A
bb_1_210818_vehicle_255_21988,A
bb_1_210829_vehicle_141_271,B
bb_1_210829_vehicle_31_099,B
bb_1_210901_vehicle_241_26714,A
bb_1_210905_vehicle_208_24173,A
bb_1_210910_vehicle_45_175,A
bb_1_210922_vehicle_200_122,A
bb_1_210928_vehicle_125_035,B
bb_1_210929_vehicle_250_54005,B
bb_1_211002_vehicle_248_46665,B
bb_1_211007_vehicle_232_50507,A
bb_1_211015_vehicle_210_52205,B
bb_1_211025_vehicle_311_021,B
bb_1_211026_vehicle_144_301,A
bb_1_211026_vehicle_46_342,A
bb_1_211029_vehicle_213_22446,B
bb_1_211031_vehicle_224_22224,A
bb_1_211102_vehicle_238_52618,B
bb_1_211104_vehicle_39_101,B
bb_1_211112_vehicle_48_257,B
bb_1_211114_vehicle_147_056,B
bb_1_211116_vehicle_119_106,A
bb_1_211122_vehicle_312_082,A
bb_1_211124_vehicle_116_247,A
bb_1_220102_vehicle_222_21572,B
bb_1_220105_vehicle_312_107,A
bb_1_220107_vehicle_250_21847,A
bb_1_220121_vehicle_112_128,A
bb_1_220124_vehicle_125_101,B
bb_1_220126_vehicle_211_45296,B
bb_1_220127_vehicle_144_292,A
bb_1_220128_vehicle_129_208,A
bb_1_220128_vehicle_30_413,B
bb_1_220129_vehicle_201_50076,B
bb_1_220129_vehicle_315_131,A
bb_1_220130_vehicle_35_067,B
bb_1_220131_vehicle_207_55624,B
bb_1_220207_vehicle_126_214,A
bb_1_220208_vehicle_315_070,A
bb_1_220210_vehicle_149_240,B
bb_1_220216_vehicle_315_089,A
bb_1_220219_vehicle_246_27998,B
bb_1_220222_vehicle_112_133,B
bb_1_220222_vehicle_232_53355,B
bb_1_220225_vehicle_203_46107,B
bb_1_220228_vehicle_229_22122,A
bb_1_220301_vehicle_210_22315,A
bb_1_220301_vehicle_240_22039,A
bb_1_220303_vehicle_120_254,B
bb_1_220306_vehicle_144_040,A
bb_1_220308_vehicle_313_051,A
bb_1_220311_vehicle_40_183,B
bb_1_220313_vehicle_126_091,B
bb_1_220313_vehicle_29_364,A
bb_1_220314_vehicle_215_29244,A
bb_1_220317_vehicle_116_234,B
bb_1_220320_vehicle_314_012,A
bb_1_220321_vehicle_116_115,B
bb_1_220323_vehicle_246_50335,B
bb_1_220324_vehicle_120_060,B
bb_1_220324_vehicle_41_194,B
bb_1_220330_vehicle_315_115,A
bb_1_220403_vehicle_241_50679,B
bb_1_220414_vehicle_314_110,A
bb_1_220415_vehicle_228_26885,B
bb_1_220422_vehicle_315_096,B
bb_1_220424_vehicle_118_032,B
bb_1_220426_vehicle_246_22135,A
bb_1_220507_vehicle_199_067,A
bb_1_220508_vehicle_198_084,B
bb_1_220510_vehicle_192_084,A
bb_1_220512_vehicle_116_262,A
bb_1_220515_vehicle_111_057,B
bb_1_220519_vehicle_206_55523,B
bb_1_220603_vehicle_250_50207,A
bb_1_220610_vehicle_119_122,A
bb_1_220610_vehicle_223_46624,B
bb_1_220612_vehicle_242_27904,B
bb_1_220619_vehicle_193_191,B
bb_1_220620_vehicle_144_223,B
bb_1_220625_vehicle_44_211,B
bb_1_220702_vehicle_44_148,B
bb_1_220703_vehicle_238_50381,A
bb_1_220706_vehicle_127_054,B
bb_1_220706_vehicle_45_266,B
bb_1_220709_vehicle_315_117,A
bb_1_220712_vehicle_237_27181,B
bb_1_220715_vehicle_145_198,A
bb_1_220718_vehicle_44_174,B
bb_1_220727_vehicle_316_062,B
bb_1_220728_vehicle_313_013,A
bb_1_220730_vehicle_214_52226,err
bb_1_220801_vehicle_111_104,B
bb_1_220803_vehicle_089_014,A
bb_1_220804_vehicle_312_034,err
bb_1_220805_vehicle_222_22074,A
bb_1_220813_vehicle_315_060,A
bb_1_220815_vehicle_221_28116,A
bb_1_220817_vehicle_208_28571,B
bb_1_220817_vehicle_218_46005,A
bb_1_220818_vehicle_147_065,B
bb_1_220822_vehicle_239_22221,A
bb_1_220826_vehicle_212_29396,A
bb_1_220827_vehicle_256_50486,B
bb_1_220829_vehicle_216_50096,B
bb_1_220902_vehicle_223_22464,B
bb_1_220905_vehicle_118_084,B
bb_1_220908_vehicle_108_041,A
bb_1_220917_vehicle_244_28751,B
bb_1_220920_vehicle_230_27587,B
bb_1_220920_vehicle_48_259,B
bb_1_220921_vehicle_116_271,B
bb_1_220929_vehicle_147_072,A
bb_1_220930_vehicle_111_028,A
bb_1_221002_vehicle_112_376,A
bb_1_221005_vehicle_245_53305,B
bb_1_221008_vehicle_45_250,B
bb_1_221010_vehicle_116_242,B
bb_1_221016_vehicle_250_28275,B
bb_1_221019_vehicle_224_21834,A
bb_1_221026_vehicle_130_085,B
bb_1_221105_vehicle_212_50515,B
bb_1_221109_vehicle_239_29220,B
bb_1_221110_vehicle_256_28934,B
bb_1_221112_vehicle_121_174,B
bb_1_221114_vehicle_205_46637,B
bb_1_221118_vehicle_250_50979,B
bb_1_221125_vehicle_250_45591,A
bb_1_221128_vehicle_141_222,B
bb_1_020531_vehicle_235_21622,B
bb_1_120314_vehicle_189_079,B
bb_1_120630_vehicle_220_54737,B
bb_1_130311_vehicle_141_313,B
bb_1_130619_vehicle_108_150,A
bb_1_140626_vehicle_220_21823,A
bb_1_150401_vehicle_142_117,B
bb_1_160113_vehicle_19_143,err
bb_1_160713_vehicle_259_22228,B
bb_1_160919_vehicle_218_22475,B
bb_1_161008_vehicle_110_148,B
bb_1_170917_vehicle_156_016,B
bb_1_171006_vehicle_143_040,B
bb_1_180320_vehicle_238_22450,B
bb_1_180825_vehicle_116_128,B
bb_1_181120_vehicle_48_006,A
bb_1_190330_vehicle_113_093,B
bb_1_190628_vehicle_130_204,err
bb_1_191105_vehicle_250_21653,B
bb_1_200126_vehicle_225_40695,A
bb_1_200925_vehicle_256_22233,B
bb_1_201026_vehicle_220_21691,B
bb_1_210427_vehicle_235_21845,A
bb_1_220821_vehicle_211_21647,B
bb_1_220826_vehicle_30_162,B
bb_1_130209_vehicle_45_043,A
bb_1_130708_vehicle_41_037,A
bb_1_131003_vehicle_213_44963,A
bb_1_150610_vehicle_29_334,B
bb_1_150814_vehicle_45_043,A
bb_1_150907_vehicle_141_260,A
bb_1_160719_vehicle_29_069,A
bb_1_161127_vehicle_250_22098,B
bb_1_170110_vehicle_192_140,B
bb_1_170706_vehicle_19_126,B
bb_1_171018_vehicle_258_22494,B
bb_1_180119_vehicle_148_026,B
bb_1_180813_vehicle_126_186,B
bb_1_181019_vehicle_117_038,B
bb_1_190301_vehicle_199_103,A
bb_1_190428_vehicle_38_146,B
bb_1_190601_vehicle_220_37657,B
bb_1_190712_vehicle_125_103,A
bb_1_190715_vehicle_149_235,B
bb_1_200218_vehicle_191_111,A
bb_1_200222_vehicle_120_021,B
bb_1_200306_vehicle_38_151,B
bb_1_200524_vehicle_18_010,err
bb_1_200602_vehicle_224_42842,err
bb_1_200717_vehicle_34_012,A
bb_1_200909_vehicle_237_36899,B
bb_1_210313_vehicle_46_318,B
bb_1_210606_vehicle_228_37859,B
bb_1_220111_vehicle_215_22426,A
bb_1_220204_vehicle_257_42745,A
bb_1_220306_vehicle_46_329,B
bb_1_220422_vehicle_200_43814,A
bb_1_220604_vehicle_259_37885,B
